"","cleanName","MW","r2_line","nPoints","LOD","LOQ","quantType","dilution_factor","n_timepoints","0A","0B","0C","2A","2B","2C","4A","4B","4C","6A","6B","6C","8A","8B","8C","10A","10B","10C","12A","12B","12C","14A","14B","14C","16A","16B","16C","18A","18B","18C","20A","20B","20C","22A","22B","22C","24A","24B","24C","26A","26B","26C","28A","28B","28C","30A","30B","30C","32A","32B","32C","34A","34B","34C","36A","36B","36C","38A","38B","38C","40A","40B","40C","42A","42B","42C","44A","44B","44C","46A","46B","46C"
"1","(6R)-5-6-7-8-tetrahydrobiopterin",314.17,0.991476079045295,6,34.9219858137103,105.824199435486,"MQ","original",15,0,0,0,0,0,0,8.75479027200305,0,56.7676703125253,0,46.7346495986263,7.42239463155671,0,0,0,0,0,0,0,0,0,0,0,0,5.75213086692644,0,10.779608876726,0,0,0,28.4981129172366,0,6.78002562362251,0,0,0,0,4.2865443737036,4.9743447325844,0,6.33103095647699,9.90859294365894,5.16902672013157,5.78327435624796,0,0,0,0,0,3.4709180475727,6.94534503015036,0,6.74649820068382,10.8451231152914,10.1821667791409,2.03493913340205,6.79910464859141,9.62495532255523,1.78857340484682,5.67278004836484,6.6336584061375,8.82880517316188,3.5791706684761,0,2.73655980249309,4.23394924653739,2.30567520161069,0,3.64178866526601,2.98506609914465,3.2293458540046,0
"2","3-methyl-2-oxobutanoic acid",138.1,0.996791556627532,7,1.80447186204378,5.46809655164782,"MQ","original",21,3.11214138386908,0.959841599062795,1.98131079565516,0,0,0,0,0.983562179879555,1.2565925561435,0,0,0,0.966575253895057,0,0.933391945974549,2.37367706096539,2.16378224721885,2.15729938216178,0.868758183254674,2.72217707350329,1.25959540697548,1.88495038133939,2.11180216898199,2.27825740086446,0.505805783496709,0.54781469627775,2.07334789487083,3.32842172895634,0.736234423434917,2.52279690209561,1.7668834822871,0.67015333613148,1.03542522065839,1.39364544996447,0.746868404583236,0.84555565223947,0,0,0,0.462854840516892,0,0.605319813046506,0.942560893895365,0,1.24444374065347,1.93605461619645,1.03828237256374,0.797222486141049,1.3098689401433,0.57402825851826,0,0.912451424655708,4.29070851610959,2.5390565625884,0.656934026519403,1.48143248488034,1.2798983936654,1.16537363134505,1.84274969102479,1.41088986156925,0.803752785677969,1.14736363432933,1.25725072077181,1.56567528800899,1.57866302021338,0.892268670669634,1.04666039015683,1.95186208351696,3.14787867200287,1.04566127692956,1.81916799695017,1.63912157758997
"3","4-hydroxybenzoic acid",138.12,0.998866482032652,4,0.201369682081321,0.610211157822185,"MQ","original",21,1.01073489530933,0.305128924038038,0.392167557402318,0.26483091562831,0.10549791198904,0.110723928525004,0.308805313356327,0.636127223077316,0.573122650419368,0.216624571281351,0.230834409878914,0.287050160921415,0.596377916085529,0.448602004881154,0.564533329861296,0.302126210076252,0.689343037816236,0.309331615583364,0.105068150119697,0.50673783644022,0.102982491612366,0,0,0,0.105519875174386,0,0.0853726544699076,0,0,0,0.124407940332403,0,0.164108986648019,0,0,0,0.133508879293696,0.0462668007052007,0,0.163730853277183,0.126077745167769,0,0,0.168393286430965,0.171786384337205,0.232241283891508,0.306532130840778,0,0.122728602188867,0.253833436440724,0.162332961646382,0.348726449681409,0.6029213529225,0.527782441006543,0.112819703644052,0.246034037561988,0.235127389950709,0.143877407755053,0.179917784772663,0.145995236290384,0.101138816788959,0.0987290750478953,0.0498329871698117,0.115230160104792,0,0.0396151383083376,0.0800107058685657,0,0.155591631352918,0,0.0764858328278581,0.0608839342649245
"4","5'-methylthioadenosine",297.33,0.996150100661098,6,2.38742093662869,7.23460889887482,"MQ","original",24,0,0.656309295825818,0.934643171126834,0.705092625730098,0.699046134943035,0.46736140823419,0.871172404843731,0.854258844516898,0.909721134177049,0.679258347195456,0.839342945324581,0.920577952418737,0.867820197805794,0.693740128258246,1.49914099416295,0.560101093489273,0.719834078163918,0.87255815456973,0,0.731940494328969,0.56178640863314,0.60257987799548,0.516344351007094,0.615642740524026,0.288626040548024,0.475688997361984,0.533128742680841,0.944856560289347,0.680945080423434,0.784689738223383,0.50005368408453,0.328011814872299,0.417691288288947,0.734322546276348,0.651746418356976,0.715516548234369,0.785049400327027,0.705758133309214,0.776376464515354,0.689475024481249,0.913806730131039,0.817061906192785,0.862665762048129,0.854314698066813,0.897680396431579,0.896995098671906,1.17678504853792,0.828050137637224,1.0647876651442,0.550770786181703,0.86120980082556,0.708187269486115,1.73700588726546,0.740309173984165,0.434806394996568,0.573709138503499,0.242621312164532,0.421252563801568,0.781168466250711,0.43541291406314,0.390128501718273,0.542076234118868,0.427927253439898,0.665246193825494,0.46980126100401,0.383114523286517,0.208314398763427,0.27420802268898,0.612790552276566,1.03500941816094,0.611312355715856,0.84066715303141
"5","S-(5'-adenosyl)-L-homocysteine",384.41,0.994828985142145,5,1.68373690280263,5.10223303879584,"MQ","original",24,0,0.496383018240461,0.519341030057002,0.75866944201563,0.496332666302611,0.996204493581525,0.915143077611663,0.594270918838773,0.67502909919274,0.817599948409707,0.566401890597366,0.593951328077055,0.78373686001792,0.74779625107518,0.808879386709515,0.679965106929281,0.851190356513343,0.536966178120028,0.551671228382827,0.522337280985673,0.58703255272124,0.467880320432481,0.456988449335269,0.528267940854016,0.380136552355251,0.49264471624712,0.77403295032732,0.649483841232211,0.653898692575546,0.704622675746608,0.70758707596369,0.412517737930747,0.302674397979948,0.435552707549548,0.466097601006308,0.549209573842121,1.09851489649532,0.449491692677503,0.456287947463684,1.05634088192689,1.11851007109391,0.841705698798914,1.0761570582985,0.82639064824347,0.754156723041589,0.647149400761659,0.848855115691314,0.917658651757704,1.17474000912636,0.790187781134056,0.610961782447318,0.845608591738113,1.25020568263227,1.37361410479359,0.464911320666147,0.390763919310086,0.134352360513693,0.33073691507805,0.545402142008929,0.66257576239947,0.421263611049182,0.379514055041214,0.499928485966175,0.452597241443858,0.327700633620837,0.430172375549957,0.133741926110871,0.408554210961872,0.54005509631587,0.61294752627753,0.298657025928325,0.58741715324364
"6","S-adenosyl-L-methionine",526.35,0.954517832641744,6,40.469532765185,122.634947773288,"MQ","df10x",24,0,7.55516492657852,16.4856155037511,7.33784945309606,8.13289326797531,8.37186057455904,7.97015296701395,10.7449382987751,14.9030054853318,10.855832825971,17.4096830155577,11.2196969997473,6.6534509173471,9.55262616885796,22.7516020953395,9.02991807367199,13.0811433971038,11.7739821436045,0,9.62225649736383,9.04594234689286,8.05106088258842,6.54351391353302,7.03495761228809,3.24978782530793,3.89894412763799,9.99470577112587,26.0734121308547,10.0321295740378,6.68001920065942,9.39688613139245,2.6466119567648,3.16963878632229,21.8001142495514,5.44619908454805,5.80309766793168,13.8864522877493,11.4744280240228,9.14916930017334,9.73749670883971,9.85325947600097,8.5405722518777,12.8295904597997,7.10184666406712,17.1806042701048,10.9205122801343,9.8285976648089,9.2716498605933,10.9547102639642,8.15347411190896,8.06939785761132,7.77257893690751,24.935142650826,10.5762171099212,4.51308178988277,9.44944916620684,3.47772175086638,4.96522264588925,8.90140126791957,5.94192856654051,5.66519682046131,8.10295619514587,4.90575980372445,8.512854546234,5.54030263374181,3.7091337005823,2.33221690034358,13.5358739500156,7.82093940663649,19.2141109742458,11.1858199413172,24.1543139532986
"7","UDP-glucose",610.27,0.994904185641789,5,16.780470028305,50.8499091766817,"MQ","original",21,0,2.51034157875315,5.10259705139933,0,4.21369688923606,7.36344065468416,0,2.01936871408012,3.27710414845817,7.57112983859722,4.91385201103375,4.41205754634068,3.02490852489803,6.7591846874672,4.61123492072745,4.54562753514161,2.47315952341586,5.108829798001,0,0,0,0,0,0,0,1.30809293901983,3.26677718222325,3.1091021673861,2.24132812222494,3.74856871150948,2.18265748886938,0.943843469247224,1.79717878328929,0,0,0,0,2.98159699050435,2.73734853547175,7.79060957287481,5.78878219167906,8.79664219813471,1.73110390592791,3.30387191788348,2.86912217473747,3.66393657211762,1.95562799833991,2.60875963011374,5.16025124423076,4.50642353211872,3.58369965590411,3.05889950765231,1.32984506211062,4.50183139334997,1.12286159552921,0.777173814632966,0,1.0810590936433,0,1.77890619096067,1.69559138286478,0.862584423606519,1.80993432373723,0.921653205764774,0.870171804568414,0,0.440315885701289,0,1.31018802240036,1.30125722661688,1.01838487928474,1.04759997957565
"8","adenine",135.13,0.974485231736213,6,2.98750571498809,9.05304762117602,"MQ","original",18,0,0,0,0,0,0,0,0,0,1.4664476956299,1.17813517817817,0,0,1.2972923863869,1.87148060845112,1.47127229257627,0,1.32633847802085,0,0,0,0,0,0,0,0,0,2.06366739851811,1.33935147091315,2.16472218308009,0.807426531165508,0,1.48624374316392,1.25590457597097,1.29645982274082,0,0.684767059970188,0.981765865773192,1.21082193244297,1.67394856372008,2.71337758248982,2.04643896906201,0,1.7996039162851,1.80365181172442,1.25840181750343,1.20040382794145,0,2.4815878309805,2.41770254999347,2.01363204345079,0,1.17448099932366,2.74013463871524,0.634916105571474,0.859010104249908,0.764859770255496,1.92444510406547,0.547191330626926,0.594936192935442,1.75623715924071,1.70313082160801,1.58556329515551,1.6308793121872,1.7230367166571,0.48547291432864,0.550214670534935,0.690462233652907,0.721417315284915,1.47964214528059,1.12142976927977,0.676243394631314
"9","adenosine 5'-monophosphate",391.18,0.99173276805267,5,21.0549810340287,63.80297283039,"MQ","df10x",24,0,21.4089115448894,24.4223350309122,19.7967887323062,0,24.0388195777198,22.7110800630079,28.2760100184055,44.7195627926851,23.2216445896293,21.9934890270171,15.1346526149107,15.8108553272513,24.6329181440364,20.8624452129012,9.46152796188861,13.7574057014165,16.8459594933005,8.49274309747867,14.4102921644336,11.362403387653,11.7428207825474,8.41415893700185,6.97681838197765,4.51108186804534,10.0399616734986,15.1899491408217,25.4094604206267,25.0537673720138,11.5974713652986,0,9.18405518859773,10.9167284464926,42.5324360149869,26.2681800766153,21.7079623974331,42.8924798160092,0,23.3844009049878,45.558841407055,75.850413198061,53.00538075363,31.021523239904,65.9872015011145,28.8445419912801,23.659229309769,19.6928249167788,0,100.145170792331,33.0083705071658,19.8589229782373,23.0989474753988,21.5897365978081,32.2635608569238,13.5155139851058,0,4.66776566921978,21.5357429354584,7.94387973170541,0,17.2932813815535,17.9564611387365,27.8661385966211,12.0897208878186,16.2615956943726,16.0148967077968,5.56620098706769,16.5840162805675,23.7053132648777,43.5416680838874,31.1885084389746,36.1605110416078
"10","alanine/beta-alanine/sarcosine",89.0477,0.993583473156185,9,9.1957338952768,27.8658602887176,"MQ","original",13,0,0,0,0,0,0,0,0,0,29.1072265940055,0,15.0083717245475,25.0308355316104,28.2189811480359,0,0,0,0,25.209013028496,23.7695179002692,10.5062749511241,0,0,0,20.6937573917911,15.0147856496386,0,0,19.9152600375235,27.4273478680388,0,15.9236523322819,25.2324325523851,0,0,0,13.4888128074808,0,18.1338124750922,23.8561361300339,0,20.1656373088785,11.436818127259,24.2229298657986,0,10.8893096366853,13.0968205770394,22.7906786909986,30.2636197336762,12.4057059538482,0,0,0,0,0,0,0,0,0,0,2.94058510735262,0,11.6318701939673,0,0,0,4.13076553421624,10.6290967079387,5.2327375762194,0,0,0
"11","alanine/beta-alanine/sarcosine",89.0477,0.834894951694514,10,188.914018758957,572.46672351199,"MQ","original",23,0,0,0,412.070971859495,282.57815543481,0,490.318551043288,325.410721213319,0,1138.37345688886,0,662.852115034041,717.727245287798,1100.46846328955,0,992.810323584847,522.408464834194,0,891.486000973151,1065.24791549452,0,0,638.031975924733,880.992964328594,818.098450073164,510.763618101633,0,0,838.001877328517,827.722123023509,0,625.379606034948,887.25574665754,0,512.258091675602,866.326890779491,529.309991165627,458.585436141573,723.004543884413,1128.65290424636,1005.10676693473,1088.77061907646,464.545529756757,937.700453287411,641.524258882048,393.689144158637,555.007209923964,1117.37826775198,1369.27870852276,451.075117882422,763.687881643642,328.173933881551,127.807112049096,0,73.0982813879699,0,207.073435300309,180.710177500543,84.243099272349,0,77.3176674063139,146.515310848225,420.846098554907,180.968109175519,44.1918751620863,462.01285786914,203.623901244138,393.093620370469,245.586523918548,0,58.8216420272855,255.696340408877
"12","alpha-ketoglutaric acid",168.08,0.996373754795592,10,12.7036767922076,38.4959902794169,"MQ","original",13,0,0,0,0,0,0,0,0,0,23.4568153521576,15.9488387170999,0,0,10.6832948835123,11.735636090039,0,0,0,0,0,0,0,0,0,0,4.92158092215682,13.9684201406735,14.5184965199584,12.0337009258657,4.89455470978326,0,0,0,19.6487800393179,0,4.92733752694523,0,0,0,21.6015059509253,7.83603225491613,6.80743439434386,0,5.24017632499677,8.21731232420573,0,0,0,19.98769534164,10.1506660039989,2.9453850860246,6.85639428996402,5.08044820197214,3.06098695175347,0,0,0,0,0,0,2.41258842036754,0,4.88488592948619,1.18674360315651,0,2.41501507728801,0,31.8132896337754,11.3898341931731,7.46318101514817,0,15.0643441798083
"13","aspartic acid",133.1,0.999191010493507,8,3.73022826167831,11.3037220050858,"MQ","original",18,0,0,0,1.63940345142796,1.93767407602573,3.43806909704184,2.36142290456398,1.38606593968981,2.41350730290072,4.73769519649743,3.0830995582696,0,3.69978479667156,16.8800440955166,2.78680473951144,0,3.7473937986885,6.28252292677208,0,0,0,4.0967714602892,0,2.6264072264009,4.94380169799263,1.75360602824805,2.29726165916001,2.69007091877124,5.71917295591724,5.94239894298929,1.85416800301573,2.35654605484505,0,1.22316180163696,2.5850437891157,2.12414371994599,0,0,0,6.22181395780933,11.2319786094225,8.12764699006287,0,0,0,0,4.22728324239871,5.20174496566031,8.52541532350403,15.2388954398679,3.85531020000017,0,0,0,0,0,0,9.52771268658234,0,7.36136503708223,4.15236249418733,1.88756782344791,6.85380675009657,1.89440734048496,0,5.50532945423127,0.909785461758595,2.14436511446481,2.95812165602364,0,1.62935073516077,1.38900038355907
"14","citric acid",192.12,0.987589275516277,5,10.689857021494,32.3935061257393,"MQ","original",24,0,32.7886693690971,41.2532040587317,44.4419678631964,52.9207680485498,81.3483355031928,34.7443271433217,36.8941756880122,46.3160252879785,104.180651859926,35.6706237922718,14.5423300356388,41.6046945838506,106.259921019003,78.1625576569487,95.7426442317631,91.3078951314497,56.6591239901374,59.371154320002,93.6219117090048,77.4159146716087,116.020716100629,38.1332040532574,114.012894576918,53.5053258942587,79.8917305840732,118.33022277065,166.260657698285,161.827986845186,168.042986650032,128.610706396636,59.081675287135,64.1886231748565,117.346407051404,54.7555902952434,32.4241302495603,102.010925800489,46.7201010165949,53.3403429047089,92.7112275757093,140.268995987479,80.1273136203401,38.7885854695439,42.4561583348212,64.3671918392619,35.1385074568622,49.7849059188361,48.4947733980553,178.190497166531,84.7670174453441,77.4496300304055,82.8915554709311,116.050567540117,325.891734775669,43.901856357207,75.265142079488,21.3422885550713,98.1971446735423,22.7715823207796,79.9143654207726,152.491193690858,80.9116789808188,143.659703115284,137.876208027504,100.787299385557,36.0439393920989,20.9882353566315,249.952616846905,129.75066516492,141.049745150094,45.4863414000381,155.34817642209
"15","citrulline",175.19,0.996463383987858,7,1.89482184234267,5.74188437073536,"MQ","original",24,0,0.530828735491779,1.66531696582387,1.14995452487599,1.41580942423723,3.36243595852557,1.93782907893025,1.79088133341742,2.07046003898732,4.53488444606162,3.13559046350786,2.12590978400594,3.77740683031191,9.36171422408896,4.91539506938763,6.29165702883165,4.60973343724547,4.19713161626211,6.96975220083039,5.0681649721584,4.08297455428268,9.24277128089689,2.16905353201137,5.04052836424746,5.12270391663265,3.64223750293737,5.72804517209478,6.12488751742037,5.42005063116074,6.93681824866369,3.59197260309245,2.19673811790801,2.32559443271366,2.62269620813194,1.57076830627482,1.27477923597514,2.63457066901469,1.37172340756285,1.48753654816131,4.42450859218605,6.48818374583387,5.15083583446737,2.3670654071062,5.6274300630331,2.41924777573481,1.73503822690852,3.05445550740028,3.98211326280778,7.36755756065467,8.20287566238409,5.05306798863105,8.32617773995387,4.88621496568552,14.8436273445199,5.15452569135801,2.33890570200207,1.26029312022705,7.3414269042441,2.81605882320805,6.50766040680972,3.7037564805316,2.49715821420937,7.26633218187977,1.9639214951389,2.17798883887563,4.02665359113137,0.935122557418467,3.23186686423658,2.71648569163957,1.8470763845866,0.929873123485524,1.49328038231159
"16","cytidine",243.22,0.99834267919947,8,2.23401053439204,6.76972889209709,"MQ","original",24,0,3.91848864207114,1.3381649345792,3.12841904419239,4.24301167329819,5.80470443330721,2.43460146775844,6.09129092858064,2.22048498896889,11.3861329982324,1.14151198198392,4.46258496850061,3.4386121494683,14.2156071648896,6.47584421779187,8.90971798154335,4.60136454209093,1.51489444128705,2.72153443323229,2.73104076865268,2.66979957265492,1.9534723980546,1.26421776649947,3.61695222829527,0.755601530530566,1.16784249034478,1.96138148136287,0.995808392024927,3.37285088578104,3.69816681719602,1.43153540180993,0.587908508065687,1.0132224849225,0.594386944327106,1.8100198057923,1.45234065968951,4.50326539402341,2.26866043914232,2.43991061845367,8.66534951189342,5.3921977422012,5.85917772443668,2.80778092483885,7.48463936044112,9.63790974929803,5.44578485857159,3.92029455611437,3.52857134722869,9.41184921078759,7.80806103428765,5.4977141061465,2.22930322024431,4.68596067107765,9.90818029426964,1.24193278311313,3.71413456124784,0.828658691942831,2.15860533090935,1.53315887327052,1.75938825155553,2.47938991552953,2.38430269058829,2.73373948279731,2.99949326735998,1.19728633644458,0.709352908367998,0.370776244972697,1.6921667401824,1.34861071195206,2.60171170465087,1.37166925991586,2.68852310290772
"17","cytosine",111.1,0.998695224686736,4,0.473844690552588,1.43589300167451,"MQ","original",11,0,0,0,0,0,0,0,0,0,0,0,0,0,0,0,0,0,0,0,0,0,0,0,0,0.201041609106472,0,0.254828093500864,0,0.305300979992556,0.428406696471533,0,0,0,0,0,0,0,0,0,0.233315271389797,0.471713320378697,0.398484197167112,0,0,0,0.19481496455229,0.400298674802953,0.414260274466795,0.565364774066723,0.720755834180262,0,0.426578519297922,0.541263931118197,0.68661675028267,0,0,0,0.494632394082999,0.220014487619917,0.3026705682298,0.387593814496444,0,0.284549015543626,0.200580088828083,0.314911758889318,0.352139995846657,0,0.270486923231138,0.363389352720608,0.139651005920618,0.174366351409669,0.114800843717277
"18","desthiobiotin",214.26,0.999988888265056,4,0.0199263130884686,0.0603827669347532,"MQ","original",12,0,0.132775230000819,0.11248196066973,0,0,0,0.125865699919225,0.128308171363559,0,0.153725396785001,0.149356352866612,0.198949140990908,0.215910259511754,0.220752868997415,0.264933343079402,0,0,0,0,0,0,0,0,0,0,0,0,0,0,0,0,0,0,0,0,0,0.2138701014479,0.142808237433085,0.156775110277713,0.257129356255509,0.261016227895922,0.192398004896914,0.187619336537166,0.164869588576998,0.139027302481034,0.190314318384892,0.157111133863009,0.148783425661698,0.289846958641123,0.217209588912704,0.214961975749541,0.142768421155032,0.331535484043221,0.278786219937891,0.0493616525994211,0.0886067863521355,0,0,0,0,0,0,0,0,0,0,0,0,0,0.0905016688515796,0.0713401388624673,0.0776303006366681
"19","glutamic acid",147.13,0.95713219426349,10,89.9041196647395,272.436726256786,"MQ","df500x",24,0,10792.910617014,11842.9838983957,11283.1720083988,16167.8702923677,10876.3493058804,16661.2951697852,15484.7006193758,8784.61966203884,26644.0001456176,20340.1558223653,23092.9599394399,22314.51197532,44590.9968522498,27695.487862113,21978.3788570066,12079.4236291427,11188.3543252477,14033.8545798576,16833.886375239,10025.5282116932,17514.7394766258,10561.1761937795,16067.2379653413,19907.8310021399,18788.9347983918,22955.0611272461,32124.7580482029,50378.8945532069,46803.7267711201,20533.3271514849,19247.1901135839,19760.873091508,23900.7288115537,22047.6274335744,17292.3373307772,42078.6629676549,20772.8049404044,25546.7770704373,46206.9054062454,66392.1218669089,48776.2417951794,28148.0311577323,40744.3194719141,28928.4270932827,20863.0055815142,23289.7583462089,35651.5347289832,47479.5912341139,48907.5776036198,30712.9978341444,35817.350276442,40751.8523005417,51853.6668574173,23512.3251337055,15179.2659260448,5901.10277092141,27415.5868254918,18655.2776248614,23806.1421031167,22693.8588003607,23738.0747621456,29292.4551997686,25026.7220645388,24384.8120582837,27396.485416104,10520.5463111258,25501.2286856259,24665.9729555709,24633.5530752469,13797.7103955712,22086.6040112055
"20","glutamine",146.14,0.996372947529935,6,1.11395210089168,3.37561242694449,"MQ","df10x",22,0,2.61882073967235,26.9435897356393,0,0,0,0,0,0,19.1135043382952,16.8610569796095,6.38121017997166,5.04357972598638,7.07061002410614,37.3871476161203,19.7703007451916,21.9736031378787,22.6422116388832,4.33066605658821,6.05360735521418,4.82949376769312,39.9726556082836,4.8285890911883,14.5891027612306,3.34018586261206,3.06589010435268,31.2100093436267,63.8982442457385,3.63571875235578,5.30626593282467,17.0951552655828,0.917662133414881,1.57134913624739,52.9086829289147,7.91383466794909,4.72786380621559,14.2837329663842,8.20738412142718,3.84389356267614,4.53437314460207,8.55275752025092,6.8040415441859,1.36531421043173,2.95172496878841,3.19297102238655,1.23968496558444,1.52160678060256,1.59784598182564,5.13589907664433,7.62219914630998,3.89806528240486,8.33144018275601,12.0304474367318,12.4651456739414,6.3671926133807,6.20169979696309,1.22284236626573,4.02933505319982,2.31894417965892,5.66706975955396,2.97181436693729,2.3668521469561,6.31850548479271,1.57295435576788,1.49139742007443,5.41811116351912,0.400546201892318,19.737713309082,1.94452673586565,14.2693011631171,4.48285865725751,15.0323336494761
"21","glutathione",307.3,0.98510047956785,10,25.909662557342,78.5141289616425,"MQ","original",20,0,0,0,25.2171120417946,26.8696803094348,0,0,0,0,37.180549188526,0,35.7575760229644,27.6015767390584,42.2604043050561,0,20.0417409885844,66.6847181658513,0,23.3279059959025,44.6230645774438,49.1172539260512,0,0,0,4.39836079772088,5.07178617148752,0,0,7.77752935824642,18.7312990759022,0,7.35492098447187,11.4022042162984,0,0,0,14.2485541073161,13.7555413923767,12.301426039423,11.1856160516483,12.4142836666714,22.2343640182458,9.00119630773671,10.491934678026,23.3641049182592,25.2178913135061,18.3608367543459,16.6783204691093,13.2951547340239,19.0745627532955,35.1010734962945,29.6687217455404,84.9793655377544,137.57419259749,32.5344816195761,64.1118678298376,7.43731305654949,50.3613936357248,2.12746177149897,45.1958471759074,60.3683288882131,25.4020425494916,25.609216130857,50.5085394533158,15.647669194647,20.2551112321295,5.25987922311685,55.692094404837,54.507756392864,50.5827116309939,32.391178058596,41.0642010192833
"22","glutathione oxidized",612.63,0.976208939127493,10,66.3186141241665,200.965497345959,"MQ","df10x",24,21.4672020910713,59.4931093472994,55.0508999009463,29.5401701901326,42.5165775587272,40.798578979319,67.4153367656988,79.6646057565025,79.5413987117844,103.996356605879,74.2822923592766,92.4083954460699,104.207968966809,306.234814951522,167.69977023766,77.6329991806971,89.1500546216628,115.340846718545,37.79024839497,137.041125728989,44.9456790351351,52.9155216184908,77.5936553066694,97.5428202923906,44.8865953511211,75.9902615637941,60.4328640742673,69.408653946102,146.132445531662,164.17211822498,48.8610283411859,35.6655012004775,58.9361211518268,48.3046491939206,57.6679779279254,53.9149126985934,134.04244378217,56.3616993239006,76.9384094026678,173.062855250249,285.885762795695,133.278320930894,131.973355118106,187.404338690444,154.179200895795,86.87242979819,158.030605033895,78.9934667484622,224.404043222312,236.495403718104,126.003091471521,160.555440930494,662.36079792119,280.763852014625,118.565004324588,81.3867233741403,71.3902276998355,117.437879731007,177.873804549164,85.384958822988,69.7696163581236,201.244787014623,103.607168794232,111.299980091276,115.189340599066,85.7658657123018,32.6092052526178,40.0810557023926,66.1539127109877,81.1412294135304,35.6451846372089,118.166578299186
"23","guanine",151.13,0.991241977866956,6,1.735456522272,5.2589591584,"MQ","original",16,0,1.04288425164239,2.99835361789095,0,0,0,0,0,0,2.00440782393915,2.47361894642623,1.00197173196478,0,1.29547745483631,2.26269047745359,1.60157129892405,0,1.98719313543154,0,0,0,0,0,0,0,0,0,3.04740502314422,1.26418651820364,2.34675313267569,0.904032341163451,0,1.75092514109548,1.68248757741789,1.36609416413196,0.456721579805845,0,1.09674597607206,1.46679122280639,1.48082330152747,1.84934301260907,1.63018769080156,0,1.24352333579993,1.09590222908776,0,0,0,2.2412198497644,1.88193792236139,2.19762288339139,0.33889827891794,0.256476858199178,2.61740909196975,0,0.772831449460839,2.85742611125788,0,0,0,1.62418625876484,1.20260732711083,1.45723953021046,1.11401977691548,1.51626851100093,0,0,0,0,1.9448310691917,1.26127695149942,0
"24","guanosine",283.2407,0.999234170182166,4,0.165487843893198,0.501478314827872,"MQ","original",24,0,0.0831873218766478,0.127211788802746,0.0898449281570105,0.060180177558878,0.0903371007049669,0.116195979734834,0.093525543761782,0.110248978434767,0.10612475714478,0.100870152153953,0.102131655505784,0.136416911703639,0.131310482960073,0.152921270347736,0.109411347698751,0.0991397545865473,0.107418836747868,0.0800726671129207,0.102840026559497,0.0820259144958156,0.115861671031937,0.091191909463564,0.0807294820908133,0.0517649070326679,0.0489870040452463,0.151677424092036,0.147410163266259,0.0914925874540976,0.0980560668017956,0.10788768436559,0.0589276993726142,0.0883695225304258,0.144570843826754,0.147634385428106,0.142599494471673,0.106773749109762,0.0674550498955351,0.0707594063258133,0.106645483219998,0.113823514210802,0.0964806964728406,0.118108180186721,0.0980189509101871,0.104645575879105,0.0982877163545072,0.215472208172075,0.10400138634119,0.375485592648692,0.0777386121491214,0.105973800528855,0.164283848023711,0.175607457200888,0.190247564899336,0.0761872760132785,0.0808716936489899,0.0420166191028445,0.0872167192489769,0.086588229290865,0.0856441293399828,0.0881742074406948,0.0894748423775633,0.0917363297692395,0.100940164630273,0.103727106082808,0.0844507649769396,0.0795229625089201,0.103397348504591,0.203929225203468,0.143857767687523,0.0658718806487049,0.125065515004259
"25","hexose-6-phosphate",304.1,0.996909277100403,5,1.30035750654834,3.94047729257074,"MQ","original",19,0,0,0,0,0,0,0.239584994064643,0.486746707593103,0,0.441057838126039,0.728942573779528,0,0.747413159898979,0.910115385352494,0.545482224162047,0,0,0,0.923991327391199,0.542513021180029,0.759090886250904,0,0,0,0,0,0,0.459651524013548,0.175117712807957,0.212977172114363,0,0.16141446889871,0.337491968665298,0.26738085737747,0.366127871732567,0.288471845366842,0.179049955490191,0.142287559649673,0,0.585815258096189,0.526152012490302,0.263305354263782,0.226679831016325,0.348774439507956,0.308533626256099,0.184404600789177,0.242414232585754,0.174827201473801,1.53787338556012,0.49729087843292,0.674772071431771,0.455428711858381,0.291248816584701,0.73781767193312,0.0700712574829415,0,0.143815641701026,0.228824069116986,0.241577374090353,0.232803021779988,0.188816448919961,0.185390948462142,0.279633348923161,0.120111701431168,0.126569017964294,0.125723772581106,0.199108550885651,0.347884591992136,0.223441302585674,0.191320304355742,0,0.174208161278881
"26","inosine 5'-monophosphate",392.17,0.993768963842998,10,33.6068280474258,101.838872870987,"MQ","original",21,0,6.00400697937618,8.39538231685717,0,7.06090786597621,8.03705002286758,4.71446599655247,7.18513289779222,8.42733084494833,10.1175275885865,9.04658729193161,5.78748680502917,0,9.58492777523054,9.63226846712248,6.25918876769341,0,7.89366200996222,0,0,0,0,0,0,0,0,0,12.8279882445659,7.60037418260181,7.15968919321792,3.85895887753705,0,4.9850434219147,13.993215086059,8.73635348651051,5.27805851784386,8.74483824450234,9.42844865432152,7.43077264707595,13.446743820562,29.7612381149174,19.0365928471948,6.15200590789068,14.8056183579284,12.0532786630927,6.46916578260336,4.64264252991324,5.73851367475392,33.1669005158022,9.6266513904408,7.08615909112502,4.84372586294373,4.80349706278834,12.3268003169811,2.84157812273835,3.4742738679517,1.89441038875205,6.8670907318475,2.53799879866148,2.75580743144554,5.01121768606809,5.57728448988276,8.68808105810181,4.96989022101933,6.85492827069766,3.04306748529042,2.2791830679777,5.31049034915881,4.75503062668183,11.6052146739163,6.25052454985738,7.94524378683963
"27","isoleucine",131.17,0.999160181657184,8,1.58963297757538,4.8170696290163,"MQ","original",24,3.65732137775243,4.34699611080947,6.71576617860684,4.64357847275607,5.14799103626883,6.58517712002311,3.86179380296293,5.76809706727744,4.94836136775295,9.86098165335526,8.00493758005663,7.41383767693479,5.12671586725874,10.0393191667296,7.87838623759987,5.7457385398372,5.45983393231698,5.00855156710461,4.3844403724591,4.81091941763301,3.38622526254351,4.33179689651793,1.68919199398583,3.62529095262788,2.11881086500975,2.31896959235637,4.4050278023942,4.74028356250253,5.25039587539148,5.90947333061616,3.35278665250769,1.58561108761938,3.62339632245187,5.19373926317687,4.46593144404688,3.53126401508682,6.63272464032746,4.72221340793619,4.0572129880569,8.07007619168598,9.27304049476898,6.76245443959674,3.40743495437148,6.70163007103963,5.81413134056828,5.55558426782216,6.17774403995687,5.2839147183361,10.6470563994629,8.75804668816302,5.73266413310987,4.57649464143613,7.64397574932073,8.13383567449868,3.39360587250377,2.35000062561461,1.35757943905824,3.14366804520498,2.76116231985727,3.14078200129682,3.3523705332778,3.10123279312525,5.18720943296372,3.32342718995946,3.1294529784282,2.40521111881386,1.079528964618,3.24963960521173,3.36234795236526,6.0952667603495,3.68006278521982,3.46733230478398
"28","kynurenine",208.21,0.999705423078898,4,0.225033914613602,0.681920953374552,"MQ","original",12,0,0,0,0,0,0,0,0,0,0,0,0,0,0.133077859505024,0.245278361085603,0,0,0,0,0,0,0,0,0,0.076124303611323,0,0.12898988292626,0.327014872588374,0.0660460716752316,0,0,0,0,0.161390331324489,0.0783921326915723,0,0,0,0,0.100622970349595,0.0829296233643316,0.074563350580963,0,0,0,0,0.122754755039748,0.0944851766316731,0.0932706054466716,0.115813511471697,0.0709748322315463,0.057442142147226,0.149662474394951,0.156408155207415,0.0669247112243365,0.0569134372245346,0,0.0556267657737255,0.061079952979414,0,0.0509757916253409,0.0465319959925453,0.0656787710964194,0.0680471744684139,0.0686573264102622,0.0427356777703434,0,0,0,0,0,0
"29","leucine",131.17,0.998189871305684,8,2.33490863900436,7.07548072425565,"MQ","original",24,3.47575133693727,2.61530267231703,4.2153745950147,3.54697046473288,3.50067052833219,5.04596893986149,4.3859412364394,4.73563200733293,5.07914507932386,6.2198828151369,5.45807298746047,5.25477136366599,5.12650344438948,7.03960710434655,8.03720060724537,6.61902726255055,5.38944368668796,4.99222857379992,5.04410817525693,4.53867656890597,4.43609256266725,5.8241487545335,2.52560353533756,4.30777952109736,3.53811757455733,3.38908773211523,6.69471781694274,6.95315780230132,6.26902782184736,8.35464013828551,6.24650307531817,2.70196718272915,6.45964843689999,5.68842502549992,4.33158150193507,4.6279918722018,2.56304501743104,2.18991428379367,3.12119399249667,6.17391836166,7.45129062660497,7.30627231763558,3.67556753674278,4.88456126721429,4.40189250781332,3.66492506712068,4.69561752688744,4.66979941023245,9.76976784830746,3.96494494817779,3.66125321341181,4.25913052113387,6.50404660376739,8.75313541552413,3.40011627060815,2.8764346049004,1.69646249117449,3.4759114362628,3.14385047823651,4.13953786012735,3.27559120714255,3.35533821141564,6.53635748521721,3.79427594002444,4.09277389009658,4.77304390235345,1.34487805369083,5.64401674457525,6.79011439331074,4.45226548722843,3.42799213235206,4.26457134500869
"30","lumichrome",242.0804,0.995982532749672,7,2.020018802453,6.12126909834243,"MQ","original",24,0,1.06646751231622,2.72835225606377,1.1686644754347,1.26376569890552,2.78629949330961,1.31314565073149,1.20589030922857,2.7901434449654,1.2003451047409,3.44049058849786,1.13405085001352,1.51188099351332,1.88828922186617,4.22265352762447,1.34649478995474,1.4051453454376,3.68409930866185,1.33172603947265,1.59928906285995,1.33020327070818,2.69745311902329,0.939126456972889,1.30523752829384,0.748935987720203,0.980448684163653,2.30935229770648,3.07066677427524,1.82851458087394,1.92570415029344,1.91332377219695,0.856460206675043,0.981994461263493,2.13143909859526,0.955970953747452,1.16981370925873,1.33520947153199,0.883044390173789,1.37696137106066,1.77640606247207,1.36079234174482,1.25173456091921,0.925955177385686,1.46891713786715,1.08862754534895,1.18915922625897,1.24909173714489,1.45938629374007,1.54603931401385,1.38344091164638,1.4547421126246,1.17778424447809,1.77876997114998,2.0568561784214,0.797404121477283,0.782802986233746,0.486348072383047,0.914747554499931,0.816226243487959,0.984144834118909,0.663830857356086,0.533790610671958,1.002803862632,0.937419509822346,0.715839293982965,0.870170975111837,0.462347188361311,0.583585675548637,0.929172384202998,0.797467790017099,0.605819728878412,0.478236670655859
"31","methionine",149.21,0.979365040216442,6,5.57501857297475,16.8939956756811,"MQ","original",13,0,0,0,0,0,0,0,0,0,2.63342690740925,1.8531662104185,0,0,1.99841879665569,1.82794791460473,0,0,0,0,0,0,0,0,0,0,0,0,0,0,0,0,0,0,0,0,0,2.50053305735838,1.92613801231427,1.65313689616596,2.34984445096529,3.89811115591175,3.5692914941357,1.69527909457834,2.1347324902335,1.52412107605568,1.90233219406979,2.7705326334092,2.77400567226867,3.35863413940115,1.82122362785046,1.36054419369891,1.13188359928697,1.88422538786724,1.66353857054201,0.938318063364549,0.701784411870417,0,1.02327334369003,0.832689151934619,1.21127033152439,0.750397798796517,0.713206382670855,0.918239889057287,0.597939121334607,0.556746013863015,0,0,0,0,1.03625054532555,0,0.661587655582041
"32","n-acetyl glucosamine",221.2,0.997370121277674,5,0.49161337230835,1.48973749184348,"MQ","original",23,0.645418688928982,0.29132710997088,0.274783001805789,0.436901732601029,0.876746873939183,1.06645028597557,0.748112635246455,0.759497924278966,0.350342359138705,1.48019722523261,0.889015499622153,1.35573456904097,0.791723399629826,1.11609560502202,1.03320143219627,0.68637418869871,0.727511373931904,0,0.376721892500527,0.193317871264259,0.647455415645657,0.445080883104147,0.205916586011957,0.229885557264923,0.33154960517484,0.223505925988614,0.148875439035631,0.395373952511334,0.283748155240008,0.500180685518285,0,0,0,0.166553619501331,0.222210822036243,0.233815107409867,0.577811524151228,0.318177925552802,0.438104207768124,1.22272391738837,0.897295199592832,0.857928145711507,0.536163713071546,0.860256469479272,0.70384243930402,0.632988554124106,0.638118762535735,0.730889250037466,0.919382082702404,0.611413111116674,0.76039227921463,0.432265111849675,0.300493757059772,0.869719896022369,0.228292748020401,0.14831237894666,0.119935300495148,0.201583316137262,0.160301185607314,0.201543087340005,0.210710494596042,0.0763349140701728,0.264555323842605,0,0.21583654741162,0.175531236817517,0.0464634705668899,0.0899319368013175,0.146133786632525,0.112959026348487,0.090053063413858,0.0939510050878323
"33","n-acetyl glutamic acid",189.17,0.997841713813574,8,12.6432838411366,38.3129813367775,"MQ","df10x",24,59.5451951924053,62.1919352699816,88.3295926140994,60.9091093445945,126.419323568509,86.217717845559,105.655096358182,95.8017669218675,60.8001406457465,191.679762751813,129.181030944074,116.27497841907,129.534642340647,245.419920050432,172.672970662237,218.816275296733,185.904766234068,161.704731126359,125.438259270597,131.728538768606,113.191254613454,129.534854074085,87.1363343873774,203.467833474256,117.562666603913,142.285760644908,113.35559930559,188.548204929095,230.66548353238,290.482146068003,140.320279439107,72.2934170519984,80.8211844135828,125.862138712287,81.8046807700599,107.987043193341,276.352229099344,95.7623969720146,123.892333432703,233.173263703681,167.870892476854,155.111509326545,103.06648112704,105.007583798827,197.86649898115,119.93790673322,110.556321970728,109.297138125496,225.667209652195,199.391676727457,148.601266693924,193.778217829684,322.961185974961,308.119146034961,92.2369894313438,114.378505506881,42.6853261032192,94.6673245848956,164.592354867022,124.049118303346,114.721311416085,90.9276281551114,130.097809013733,170.16566136941,115.597577313037,116.85868414748,50.9103469809254,197.929135814063,178.933367283057,174.654217982571,93.2340626820746,249.091271274503
"34","nicotinamide",122.048,0.984436596775552,7,3.99911147165912,12.1185196110882,"MQ","original",17,0,9.9013398088963,4.3441811665709,0,0,0,0,0,0,2.14516706186633,5.06188333831618,2.6578179214868,0,0,0,0,0,0,0,0,0,2.38487857321095,1.76491887654232,0,1.42194183214968,0.98989221108029,3.29469740783839,3.4377154763026,2.54541786126594,2.21185072398985,2.12028953319821,1.18204863230067,3.0460345142317,8.8987240927551,2.3331266958386,1.78499459020215,0,0,0,0,0,0,0,1.70481242133798,0.94228413088046,1.17135883190355,2.21660745626756,1.79112590817665,2.8988953262635,2.47847680075369,2.56655374879441,1.66859064260077,4.04887863466177,3.99354942223062,1.55828074331633,1.36261337356137,1.43886706136739,1.54181376875577,1.33802037317323,1.56965313031506,2.25195262122875,1.88889240420152,1.47191484955573,1.77306846877765,1.94751809191922,0.956964698709435,0.914023565892208,1.95344538176235,2.04977247719383,2.49570359511888,2.746529206392,1.86262113730486
"35","nicotinamide adenine dinucleotide",663.43,0.994288810881299,5,36.8497185656392,111.66581383527,"MQ","df10x",24,0,24.2412198319502,19.0948039898465,18.2224843742263,0,15.5979303849302,21.7859334783058,28.4736266237327,26.9249635781104,27.0963050152909,25.5323684353326,27.2240267238736,41.4385975249964,51.699881748838,44.3055783220164,37.3489211559304,38.325704387038,37.8740653399393,33.1805301229675,50.0530083041923,35.5496891232179,41.0523834895622,42.1332164398821,35.9813966241175,26.3786619482461,27.8933069304826,28.6308195116955,42.1297128599221,49.5963065022278,50.6535870381776,20.9674862370465,16.3177410437807,23.5285556960151,17.964020469364,0,20.0465092881567,30.7145810078245,17.5456256976982,24.9653869097485,28.7764463471973,51.281020161222,34.0874917202308,20.5338624732863,25.8031477470942,23.9785345072229,21.1878563037967,23.4300110645371,24.0517637063484,40.5324053884816,42.381420559473,35.2622860249833,49.3514637088787,102.849812020147,92.2653002089279,38.1071780560953,34.064772555562,14.2341876006965,42.7082142690069,31.8464149782439,33.0406385525421,30.0163724609549,39.5233017804362,37.0624842818911,39.0597436311284,24.979292387218,33.2727595920882,11.5916545225326,18.7512399434054,28.1979040623244,27.5197474221449,19.2964158487538,26.9949498699619
"36","nicotinamide adenine dinucleotide phosphate",743.41,0.99628573730501,10,25.9384679317613,78.6014179750343,"MQ","original",23,0,3.20371563938676,4.02101214261657,2.07013315490718,3.5938572919825,2.97008503027098,2.71921994111588,6.17989014533389,5.25756903311576,5.76694752236412,2.05567156969668,1.62318190897678,2.69175095447689,9.40926053215274,11.1098534355407,5.22204654555954,4.58665780339778,4.87575047361768,0,0,0,5.42333390106023,3.24162712414856,3.52463344641336,1.76101101339356,2.7835354311723,4.07565889939121,11.4202078188513,7.84223839171401,6.372292888237,4.22247792686238,1.78268060217498,2.34173144881749,6.90140298432785,3.05171631313729,1.77022796937615,4.83646570931392,4.85164430766873,4.88888328405568,7.28601394136812,9.68078573729799,8.13544216955096,8.56677545801579,9.2145284329998,8.80096178195938,6.10818252324052,4.76303217806528,4.76547396674958,10.2617608642814,9.05548584515768,7.42298143400223,7.20632203729427,17.0205038148095,16.5549892232685,4.68576112084208,7.74499480542165,2.5711424548399,5.47465333048044,4.62925585076573,3.26747029859878,5.62452170719107,7.97597482460575,5.4892033179723,5.68801041571499,6.70596857359976,1.95780552779234,1.78147304787307,4.53629226425611,5.50901854297799,8.51150147723592,4.69808810436502,7.00306734070482
"37","pantothenic acid",238.27,0.999469507739185,4,0.302022564949185,0.91521989378541,"MQ","original",21,0,0,0,0,0,0,0,0,0,0.14092657245315,0.100832572921873,0.133179379980826,0.0909482186477853,0.175402581927909,0.211511181539464,0.146317848973786,0,0.124800259293059,0,0.126145415554615,0.134059956762571,0.141258609532684,0.0957907881018975,0.126582477741282,0.102339373573844,0.110982291570829,0.148323077252021,0.233582725172391,0.222370958685047,0.320298226014782,0.0941741400370377,0.0635711132956055,0.098773138038269,0.204900336998816,0.063889830535775,0.0630360588000173,0.13070811266472,0.0761546789485962,0.10666107642254,0.16711095746634,0.220793534582015,0.176915609598314,0.113760141451911,0.151174898185038,0.167337629619972,0.133938105520492,0.11377716246755,0.136482813843603,0.228009893251065,0.163533236759892,0.173167985071892,0.107251870090221,0.201347798441956,0.23463431031488,0.081504742236986,0.0824807463986575,0.0401266699836331,0.109359763939861,0.09612968872922,0.104997395598649,0.105666211639344,0.108943388951474,0.151107640512258,0.1088121531274,0.107329819511342,0.124155821929753,0,0.0626626102924876,0.0978869244495044,0.0866205483221377,0.054576659810093,0.0698232635303347
"38","phenylalanine",165.19,0.999612837799534,8,1.07907668032096,3.26992933430595,"MQ","original",24,4.30494014926863,4.02863162968448,5.67059228494959,3.78401112111018,3.59939598258884,3.9692351848052,4.77538606085968,5.27384188387416,5.22038020129673,7.21616169121092,6.70472966614562,7.58039809293675,7.76202545809692,10.0539496003962,8.73483421005914,6.72130710688437,6.22109175800722,5.20277647166444,5.57996392368105,6.02166988510294,5.19708552533476,6.14168090331588,3.66642049726901,5.13176579486504,3.57988875618269,3.35476463996034,6.0798794964448,6.22365803535855,6.56722937993321,7.0565264441657,4.61092298721774,2.49303755925182,4.54893473502004,3.47725116077639,2.86917902642654,2.88652784405316,3.60177779940933,2.61044125463167,3.1698720698511,4.69358540547447,4.86943049102999,3.4409927734252,3.20753052753655,4.19929881730228,3.96064261403784,5.80165421903424,7.77358618221132,5.97257004083584,10.8764159074659,6.33230937636366,4.96367382314415,5.15614701958597,7.33473504453954,8.93954263272242,4.46709975009575,3.21563272501601,2.09307783027796,4.45844448657845,3.32219012343202,4.72508747284085,3.65094873505013,4.11316829659977,5.9739005982999,3.77698305304252,3.74033017139012,4.06264396916277,1.77584908017547,4.40097139583778,4.98172189816745,3.15699023481978,1.92993508119673,2.28778874799467
"39","proline",115.13,0.995437210706399,10,14.2567411061261,43.2022457761396,"MQ","original",24,0,18.5615273928973,37.9672221240801,20.612082318035,30.3688988828831,53.6051609136002,31.0096707814862,24.0551152314253,27.7255289190258,39.6930170433436,41.2490407213372,30.5566617849728,34.0115755136708,49.9686943972887,45.6715064251336,29.9537651066753,27.7670151937048,24.9042390222996,30.520441021459,30.2519874776902,27.3647358771944,38.4346004933464,17.1348971189431,21.5177249353737,27.2266416646519,27.2521683711861,41.6541714907628,44.9771513884782,42.5591825736993,48.058573244616,33.7004477334297,22.9243516324042,26.5970423873595,46.3971237547066,28.7800473968251,23.498784430186,48.6528124080941,34.3108897756707,32.2686601115449,49.4681799955259,69.5687456016777,58.416863179658,31.2492099004679,43.134262063524,28.4497907854457,27.860187224055,34.7110002392717,44.0802085323877,43.5493189733246,44.0202286044158,34.0047584741777,36.320512600737,34.2896457983647,52.0821421287167,24.0795488500077,14.6711149808773,6.84713681759519,23.6230337604344,21.4105772966869,26.751953782476,19.4062103368944,19.4302624076619,27.0527089623963,18.5957364999041,26.0801482927617,23.4521362563458,11.1700985443505,23.736033802234,37.2964616097615,29.9306981661689,20.897473831903,22.7508578143436
"40","spermidine",145.25,0.871885188537717,7,24.5207333938551,74.3052527086518,"MM","original",14,0,0,0,0,0,0,0,0,0,0,0,0,0,16.0269525300964,25.7746396181098,0,0,0,0,0,0,0,0,0,0,0,0,43.0349276094738,48.89825511041,24.7704809932618,0,0,0,0,0,0,27.7763860112877,15.5721581972769,0,23.8393204356985,11.8618873406337,9.68752535662845,26.834634269769,6.87241498116614,32.6990582983949,12.8737866042484,8.39601457813863,0,31.7067797578222,14.4343041534856,11.9396792897753,29.0134788826749,125.562335731291,34.3238146823858,11.1746261391676,37.9052672474129,0,9.72007816096627,42.6395624387257,14.2664635895385,14.3053695296295,39.964134128296,9.59440713475209,33.5061429182155,21.5569045845306,13.1516619274479,0,33.3489911637914,44.2282197282445,60.4510347426584,16.2135899706542,66.018001659578
"41","succinic acid",118.09,0.998466043878416,8,5.1350088201101,15.5606327882124,"MQ","original",21,9.2085000178633,5.49865421402584,14.5086701378027,3.17501078083895,4.0455618044052,4.95217317484401,0,7.65753149698916,10.7180221931287,24.2954369513192,18.3963945503216,3.34266756779923,5.86241672177347,10.0732564136658,12.0722046092972,6.47872215042753,12.5959097948806,0,0,0,0,6.76302371751344,5.200208823033,0,6.80374032218642,3.53447975435162,9.50017582296886,7.16346727336254,11.286177608942,14.7606513652555,0,0,0,9.07935607247927,5.0443138722182,5.49957459937093,11.9558022147969,2.86405292456599,0,28.921405890972,13.1426804661513,13.2834889275936,2.88417427126903,9.33822045659931,5.87258311629664,0,3.36966683275029,9.50740731592527,28.8251374480777,9.39353479648309,9.80121963934621,3.2634950164481,1.73009155849243,4.74822754744592,1.54260329465071,0,1.22456957013622,4.33129840616423,2.04833940464641,1.14171239161941,3.11667660322678,0.909572863378905,3.5335834437114,2.24986860362635,1.39948369529182,0,0,4.67856068709485,1.66832133737019,0,0,0
"42","sucrose",342.3,0.998306302694827,6,7.63005594791176,23.1213816603387,"MQ","df500x",21,0,0,0,0,0,0,1043.91942680201,1173.45747740884,1052.35645424124,3418.98453913686,3324.32784014461,2179.04701472506,3779.21449258374,5535.06772219449,4591.98103589757,4719.99978976557,4818.19802169047,4122.71172313967,4800.69534244658,5180.0224839797,4467.17339696312,5573.69381453808,3466.05087040176,4027.43349412813,4003.72741490438,3785.48319915168,4032.15664358532,5627.47006475067,5566.68509542264,6694.93954161822,2833.32521694464,1689.12413695854,2214.27353980122,293.274187404709,261.314818099322,234.635861515551,0,0,0,733.360758379435,859.635523252136,492.626462859435,1627.85956029238,1967.88307198924,1442.40946391976,2713.79229777346,2622.97303539077,3769.85763517789,6207.35772640084,4935.49502646784,4567.67345896347,5909.4067059905,7548.75457774961,8679.63432582441,3750.92212393038,3170.89751065643,1698.99345199619,4733.09442370211,3645.46276663699,4340.5406607197,3803.92163374304,3374.89283948117,4399.7450409953,2986.5750151159,3043.47361388445,3084.46411332976,1078.99944028556,1850.79065667359,1937.27709682517,338.057127760567,164.824682174988,344.430839906097
"43","threonine / homoserine",119.12,0.90162151276754,10,140.32592262929,425.230068573606,"MM","original",13,0,0,0,0,0,0,0,0,0,258.417832655953,98.0796637471968,0,0,0,0,0,0,0,0,0,0,0,0,0,0,0,0,56.7021114253325,119.245426225907,118.837553214419,0,0,0,79.9664481371364,117.991103233525,0,214.043628164219,73.039856404959,54.1566364417046,397.041884210549,592.30721938544,542.802809579859,72.1419397404521,357.765752597377,66.2401017957216,0,102.460176239394,244.945432195468,454.010880483071,458.738060345972,300.235880324718,189.04057493719,0,383.793676185617,0,0,0,79.1764833696242,0,72.4041018616609,45.8324143439351,0,202.255407764157,0,17.407768637577,83.9788479972564,0,0,0,133.020359266148,0,28.6120491992525
"44","thymidine",242.23,0.995481186951323,6,2.58779077429367,7.84179022513233,"MQ","original",24,2.89347124472144,1.22958702610743,1.00949631994429,1.23661594022746,0.945326900165521,0.587436767735006,0.962819278040574,1.20662306050477,1.2630623690975,1.099717257189,1.24577756967008,1.01910279394311,2.25357375675576,2.31896391044516,2.52046435569169,3.43867276549728,3.25144217007315,2.8254007347978,3.06214803072464,4.35317097639471,2.95144430470365,3.52091712205579,3.00189166760255,3.03255397766363,2.18892884262208,1.92124746674864,2.73524212388266,2.41895789324587,2.06629412275562,3.18167932063572,1.67272802792485,1.10751445725282,1.57464554545873,1.17099529941576,0.69460198815923,0.935140871091071,1.01266969534905,0.675228921268877,1.25856781443565,0.885089343329523,0.654611873706928,0.584725953424139,1.08393521706014,0.620886213780462,1.00871532277121,1.51213969328721,1.37045556281892,0.913060433648166,1.58669386365466,1.41013756960306,2.03731333571744,3.04591462737937,3.67425886249459,5.09474748599831,1.91174619286599,2.04817239329159,1.53893985676552,2.37621924970772,2.17202808291569,2.28156286787668,1.90032632489095,2.29806598121317,2.37903589104575,2.0464918220318,1.31762890654211,1.23443809986637,1.12985978793246,1.63664115005887,2.5142012408433,1.19463747199315,1.58842439266054,1.20283593018311
"45","tryptophan",204.23,0.999473009771259,6,0.42395162821786,1.28470190369049,"MQ","original",24,1.09617081361037,0.921912465553533,1.61732287833855,1.28056321377093,1.28530214560841,2.06340056092424,1.52451286531688,1.71012583894543,2.25375107179851,1.93084516187158,1.9832695390541,1.87119006421978,1.73967664220681,2.36103595074114,3.07449901989434,1.75762837220322,1.80201072613003,1.7007486324229,1.37074302436288,1.5492051784093,1.71652243755543,1.63322984017774,0.848900129445754,1.46409648413128,0.785026023449793,0.779535968934494,1.80813513850281,1.55587545888744,1.23309812427311,1.59883125182726,1.01767267975618,0.544757769350488,0.89508021778443,1.00929853522111,0.738942675891204,0.849337143739601,0.94585857606858,0.574589416575021,0.76882303480542,1.55265448298719,1.69860708245925,1.42423655804168,1.12957959176774,1.37392005131515,1.49546198211907,1.81105717554389,2.13707311685353,1.66328650968034,2.31266412631578,1.57592419356177,1.02160357092413,1.17585360539724,2.38875786839322,2.08574499811915,1.28599604180231,0.97290632303961,0.66606537785292,1.18973401523802,1.06232736749074,1.25038734090795,0.850583545017243,0.972634044710474,1.24098661841841,0.954306411425113,0.98914900495495,0.851900616160715,0.340576454591317,0.714921868043737,0.790014445295343,0.830558889914465,0.477234287116976,0.880428346108225
"46","tyrosine",181.19,0.999879954616746,9,1.25382627704997,3.7994735668181,"MQ","original",24,3.49634698636824,4.90320357884294,6.63592126447237,3.65136791424605,4.93350720270645,4.51062980556847,5.33543762082151,6.46006529299794,5.87789134990914,15.6474519562346,13.1044950451876,12.7008715099482,8.40956806115929,15.719148702727,13.7728083821554,10.939641687292,9.13586376505305,7.63385806677421,6.35328146723233,7.45322871727359,5.28663171097207,8.04456136712142,2.95080154982225,4.87882755591404,4.29174511996669,3.89147412896346,6.75039870031968,10.1552746118908,9.06175085230636,10.126940979305,5.49346785629939,2.9329677326261,6.20276372353819,8.330153419957,5.59439508448348,4.36218428637587,7.92435708922202,5.75891898592511,4.51653984409598,9.48486875763601,11.3119696285555,6.86567003801588,5.54794765421177,9.89213257360114,7.88792755594688,7.86693008951125,9.17728163681054,10.00473978546,13.9704965202547,15.4009815654226,10.0131136070121,9.6136200126723,11.6523806126738,17.5829843403129,5.26381234140207,4.9473052322113,2.25678682408652,6.21985836109253,3.86626017599106,5.19734565002418,5.39875289383026,5.29832455925502,7.9782263535066,5.97178006566914,5.77333475662604,4.3395006215117,2.22045993109289,5.33392929583768,5.39689805705921,7.0376886386383,3.8024523880127,4.71534909860134
"47","uridine 5'-monophosphate",368.15,0.998822078816997,8,4.50193692018007,13.6422330914547,"MQ","original",24,2.16599171704341,2.88518045310136,3.97084514546649,3.9145004638647,4.8960887942231,9.07615777144494,3.9766829054139,3.66663469930658,5.84567811420239,3.91139468090597,3.35194978872696,2.41688925038798,1.75740493598259,1.88032932269055,2.19726048553191,1.95347541208233,1.98143497497656,2.45907479785045,2.1033892473723,1.53837745506028,1.64234354334433,2.29154585373305,1.2433931073548,1.90725269029785,1.11444931908255,1.19706754390769,1.8842998754214,1.82761149174094,1.966682587976,1.6846879612044,2.11395647068983,1.13649787650421,0.866501569653277,4.84802326475475,2.38769977379916,2.91549189200617,7.25284812200566,3.92017177165192,3.90655756287105,6.8132053337239,9.04834396663133,8.74643318722422,5.63783150957563,6.93875149376357,5.66075718269483,2.49770235570169,3.79739910230761,4.89020636792506,5.66883252330602,2.25849058000345,2.21798099322431,2.34812071189604,2.05286222319834,2.79572049376982,0.990184536250262,0.631915049190547,0.447588045561621,1.35449077499085,0.744208000151396,1.1824417454305,0.898523564449715,0.854749598237502,1.239149890564,0.679536345924268,0.965942872491386,0.992831848408033,0.471309155133215,1.64458281518681,1.84899857452798,3.74500219877916,2.82913064400942,3.48233660375495
"48","xanthosine",320.26,0.999211849571895,4,0.167884024031332,0.508739466761613,"MQ","original",13,0,0.112858342215582,0.124612857249981,0.0763877899714118,0.0847081415383498,0.0835362302531632,0,0,0,0.129233519584085,0.0957530065872629,0.102093307645004,0,0.124277022387398,0.0691893867552834,0,0,0,0,0,0,0,0,0,0,0,0,0,0,0,0,0,0,0.115851039981821,0.110087315323348,0.101196330601921,0.137695231544968,0.116610675774621,0.115017663717531,0.164181762696785,0.200938457391193,0.168483851809334,0.0696534623552383,0.0900556733759726,0.0679911144703045,0.0774581665796587,0.100311923470872,0.0664322165105573,0.165518289310303,0.126366703229925,0.114210533041711,0.0631082579746838,0.093426764664292,0.10414959127678,0,0,0,0,0,0,0,0,0,0,0,0,0,0.0379576402533094,0.0444047938091451,0.105702128806087,0.0659181759403893,0.0887394787562732
